title,company,match_score,url
Tier II III UC Support Engineer,TTEC Digital,8.29,https://remoteOK.com/remote-jobs/remote-tier-ii-iii-uc-support-engineer-ttec-digital-1131561
Travel Support Advisor,Careers In Travel | Destination Planners,8.23,https://remoteOK.com/remote-jobs/remote-travel-support-advisor-careers-in-travel-destination-planners-1131546
Travel Operations Coordinator,Careers In Travel | Destination Planners,8.2,https://remoteOK.com/remote-jobs/remote-travel-operations-coordinator-careers-in-travel-destination-planners-1131545
Online Hospitality Services Coordinator Entry Level,Aisles &amp; Abroad,8.16,https://remoteOK.com/remote-jobs/remote-online-hospitality-services-coordinator-entry-level-aisles-amp-abroad-1131534
Tech Lead,Zensurance,6.14,https://remoteOK.com/remote-jobs/remote-tech-lead-zensurance-1131509
Language Quality Manager,Welo Global,5.19,https://remoteOK.com/remote-jobs/remote-language-quality-manager-welo-global-1131565
Academic Engagement Manager USA,Calyxo,4.46,https://remoteOK.com/remote-jobs/remote-academic-engagement-manager-usa-calyxo-1131549
VP Population Health,Covera Health,4.38,https://remoteOK.com/remote-jobs/remote-vp-population-health-covera-health-1131556
Engineering Manager AI Fleet Management &amp; Honk,Spotify,4.24,https://remoteOK.com/remote-jobs/remote-engineering-manager-ai-fleet-management-amp-honk-spotify-1131520
CNC Machinist Milling,CX2,3.87,https://remoteOK.com/remote-jobs/remote-cnc-machinist-milling-cx2-1131532
VP of Product and Partnerships,uConnect,3.76,https://remoteOK.com/remote-jobs/remote-vp-of-product-and-partnerships-uconnect-1131558
Meta Ads Manager + Creative Producer AI Native,singularads.com,3.68,https://remoteOK.com/remote-jobs/remote-meta-ads-manager-creative-producer-ai-native-singularads-com-1131538
Principal Marketing Analytics Manager,Greenhouse,3.54,https://remoteOK.com/remote-jobs/remote-principal-marketing-analytics-manager-greenhouse-1131515
Itinerary Support Coordinator No Experience Needed,Careers In Travel | Destination Planners,3.34,https://remoteOK.com/remote-jobs/remote-itinerary-support-coordinator-no-experience-needed-careers-in-travel-destination-planners-1131543
Destination Coordinator,Careers In Travel | Destination Planners,3.12,https://remoteOK.com/remote-jobs/remote-destination-coordinator-careers-in-travel-destination-planners-1131547
Analytics Engineer,Civitech,3.1,https://remoteOK.com/remote-jobs/remote-analytics-engineer-civitech-1131512
Vice President DRG,EnableComp,3.1,https://remoteOK.com/remote-jobs/remote-vice-president-drg-enablecomp-1131551
1086 Digital Marketing Specialist,GoFasti,2.83,https://remoteOK.com/remote-jobs/remote-1086-digital-marketing-specialist-gofasti-1131524
Senior Data Engineer,Valon Mortgage,2.78,https://remoteOK.com/remote-jobs/remote-senior-data-engineer-valon-mortgage-1131504
Clinical Marketing Director,Genomenon,2.49,https://remoteOK.com/remote-jobs/remote-clinical-marketing-director-genomenon-1131562
Senior Software Engineer I,"Clariti Cloud, Inc.",2.41,https://remoteOK.com/remote-jobs/remote-senior-software-engineer-i-clariti-cloud-inc-1131527
Crypto Trader,Maidel Group,2.26,https://remoteOK.com/remote-jobs/remote-crypto-trader-maidel-group-1131541
Contract Mandarin Document Review Attorney,"Contact Government Services, LLC",2.24,https://remoteOK.com/remote-jobs/remote-contract-mandarin-document-review-attorney-contact-government-services-llc-1131564
Customer Support Representative,Boom Entertainment,2.22,https://remoteOK.com/remote-jobs/remote-customer-support-representative-boom-entertainment-1131530
Drug & Alcohol Counselor,Pelago,2.21,https://remoteOK.com/remote-jobs/remote-drug-alcohol-counselor-pelago-1131510
Senior Director Nuclear Programs,"Deep Fission, Inc",2.21,https://remoteOK.com/remote-jobs/remote-senior-director-nuclear-programs-deep-fission-inc-1131559
Talent Acquisition Pipeline Manager,Nava PBC,2.18,https://remoteOK.com/remote-jobs/remote-talent-acquisition-pipeline-manager-nava-pbc-1131513
Performance Marketing Manager,GiddyUp,2.16,https://remoteOK.com/remote-jobs/remote-performance-marketing-manager-giddyup-1131553
Nuclear Engineer III Nuclear Safety Analysis,"Deep Fission, Inc",2.09,https://remoteOK.com/remote-jobs/remote-nuclear-engineer-iii-nuclear-safety-analysis-deep-fission-inc-1131560
Senior Marketing Manager CRO Experience Required,Precision Medicine Group,2.04,https://remoteOK.com/remote-jobs/remote-senior-marketing-manager-cro-experience-required-precision-medicine-group-1131536
Customer Success Manager,CipherHealth,2.0,https://remoteOK.com/remote-jobs/remote-customer-success-manager-cipherhealth-1131525
Fully Cruise &amp; Resort Booking Specialist,Careers In Travel | Destination Planners,1.89,https://remoteOK.com/remote-jobs/remote-fully-cruise-amp-resort-booking-specialist-careers-in-travel-destination-planners-1131521
People Operations Lead,Defense Unicorns,1.88,https://remoteOK.com/remote-jobs/remote-people-operations-lead-defense-unicorns-1131517
Travel Appointment Coordinator,Careers In Travel | Destination Planners,1.87,https://remoteOK.com/remote-jobs/remote-travel-appointment-coordinator-careers-in-travel-destination-planners-1131544
Sales Development Representative,Kiavi,1.66,https://remoteOK.com/remote-jobs/remote-sales-development-representative-kiavi-1131514
Manager Platform Engineering,Natera,1.64,https://remoteOK.com/remote-jobs/remote-manager-platform-engineering-natera-1131552
Marketing Copywriter,BIS Safety Software,1.58,https://remoteOK.com/remote-jobs/remote-marketing-copywriter-bis-safety-software-1131528
Senior Manager Government & Industry Affairs Operations,VGW,1.57,https://remoteOK.com/remote-jobs/remote-senior-manager-government-industry-affairs-operations-vgw-1131518
Asset Administration Operations Specialist,Forge Global,1.45,https://remoteOK.com/remote-jobs/remote-asset-administration-operations-specialist-forge-global-1131523
Operations and Support Associate,Emora Health,1.44,https://remoteOK.com/remote-jobs/remote-operations-and-support-associate-emora-health-1131554
.NET Developer Advocate,JetBrains,1.21,https://remoteOK.com/remote-jobs/remote-net-developer-advocate-jetbrains-1131563
Manager Collections &amp; Recoveries,Forbright Bank,1.16,https://remoteOK.com/remote-jobs/remote-manager-collections-amp-recoveries-forbright-bank-1131526
Account Executive Southeast,Apollo Information Systems,1.11,https://remoteOK.com/remote-jobs/remote-account-executive-southeast-apollo-information-systems-1131533
CUSTOMER SUCCESS MANAGER,Wishpond Technologies,1.11,https://remoteOK.com/remote-jobs/remote-customer-success-manager-wishpond-technologies-1131550
Project Manager French English Fluent,Brandtech+,1.09,https://remoteOK.com/remote-jobs/remote-project-manager-french-english-fluent-brandtech-1131548
Web Development Specialist,Marketers in Demand,1.06,https://remoteOK.com/remote-jobs/remote-web-development-specialist-marketers-in-demand-1131516
Staff Product Manager Enterprise,LiveKit,1.05,https://remoteOK.com/remote-jobs/remote-staff-product-manager-enterprise-livekit-1131531
Lead Software Engineer,CSC Generation,0.56,https://remoteOK.com/remote-jobs/remote-lead-software-engineer-csc-generation-1131529
Freelance SEO AEO Strategist,Smartbug Media/Point Sucess/Globalia,0.41,https://remoteOK.com/remote-jobs/remote-freelance-seo-aeo-strategist-smartbug-media-point-sucess-globalia-1131555
Senior Software Engineer,Cast AI,0.22,https://remoteOK.com/remote-jobs/remote-senior-software-engineer-cast-ai-1131507
